first_name,last_name,email,age,phone_numbers
John,Doe,john-doe@bogusemail.com,25,7764331161
Mary,Smith-Robinson,maryjacobs@bogusemail.com,25,7752693484
Dave,Smith,davesmith@bogusemail.com,25,7236721437
Jane,Stuart,janestuart@bogusemail.com,25,6954321454
Tom,Wright,tomwright@bogusemail.com,25,5926871981
Steve,Robinson,steverobinson@bogusemail.com,25,5713765981
Nicole,Jacobs,nicolejacobs@bogusemail.com,25,4527285311
Jane,Wright,janewright@bogusemail.com,25,6629382638
Jane,Doe,janedoe@bogusemail.com,25,9548635711
Kurt,Wright,kurtwright@bogusemail.com,25,9936797253
Kurt,Robinson,kurtrobinson@bogusemail.com,25,6127442962
Jane,Jenkins,janejenkins@bogusemail.com,25,7491166758
Neil,Robinson,neilrobinson@bogusemail.com,25,8191896151
Tom,Patterson,tompatterson@bogusemail.com,25,6275853618
Sam,Jenkins,samjenkins@bogusemail.com,25,7817278597
Steve,Stuart,stevestuart@bogusemail.com,25,3232169269
Maggie,Patterson,maggiepatterson@bogusemail.com,25,4336138684
Maggie,Stuart,maggiestuart@bogusemail.com,25,7417825923
Jane,Doe,janedoe@bogusemail.com,25,2269955975
Steve,Patterson,stevepatterson@bogusemail.com,25,5837294325
Dave,Smith,davesmith@bogusemail.com,25,6617943144
Sam,Wilks,samwilks@bogusemail.com,25,8911593543
Kurt,Jefferson,kurtjefferson@bogusemail.com,25,6573231485
Sam,Stuart,samstuart@bogusemail.com,25,3668497327
Jane,Stuart,janestuart@bogusemail.com,25,5948925886
Dave,Davis,davedavis@bogusemail.com,25,8129324894
Sam,Patterson,sampatterson@bogusemail.com,25,3314386948
Tom,Jefferson,tomjefferson@bogusemail.com,25,9375952719
Jane,Stuart,janestuart@bogusemail.com,25,4478566191
Maggie,Jefferson,maggiejefferson@bogusemail.com,25,7485652829
